{"cameraMode":{"drawMode":0,"name":"Shaded","section":"Shading Mode"},"sceneLighting":false,"audioPlay":false,"sceneViewState":{"showFog":true,"showMaterialUpdate":false,"showSkybox":false,"showFlares":true,"showImageEffects":true,"showParticleSystems":true},"in2DMode":false,"pivot":{"x":0.029746055603027345,"y":-0.02017897367477417,"z":0.05205988883972168},"rotation":{"x":-0.050624649971723559,"y":0.9044491052627564,"z":-0.11209600418806076,"w":-0.4084662199020386},"size":8.357851028442383,"orthographic":false}