{"cameraMode":{"drawMode":0,"name":"Shaded","section":"Shading Mode"},"sceneLighting":false,"audioPlay":false,"sceneViewState":{"showFog":true,"showMaterialUpdate":false,"showSkybox":false,"showFlares":true,"showImageEffects":true,"showParticleSystems":true},"in2DMode":false,"pivot":{"x":-0.21947920322418214,"y":0.2897683382034302,"z":0.10734641551971436},"rotation":{"x":-0.008098793216049672,"y":0.9124205112457275,"z":-0.01807704009115696,"w":-0.40877512097358706},"size":2.6578500270843508,"orthographic":false}